{
  "report_type": "Sepsis Model Evaluation Report",
  "generated_at": "2026-06-25T18:22:10.549064",
  "best_model": {
    "name": "RandomForest",
    "version": "1.0.0",
    "is_calibrated": true
  },
  "model_comparison": [
    {
      "name": "RandomForest",
      "val_auroc": 0.9691584967320261,
      "val_auprc": 0.9695194771468568,
      "val_sensitivity": 0.9264705882352942,
      "val_specificity": 0.8888888888888888,
      "val_f1": 0.9064748201438849,
      "training_time_s": 5.458823919296265
    },
    {
      "name": "GradientBoosting",
      "val_auroc": 0.9154411764705883,
      "val_auprc": 0.8946599075043267,
      "val_sensitivity": 0.8676470588235294,
      "val_specificity": 0.7916666666666666,
      "val_f1": 0.8309859154929577,
      "training_time_s": 0.11066699028015137
    },
    {
      "name": "LogisticRegression",
      "val_auroc": 0.8946078431372549,
      "val_auprc": 0.8953049414870811,
      "val_sensitivity": 0.8529411764705882,
      "val_specificity": 0.7916666666666666,
      "val_f1": 0.8226950354609929,
      "training_time_s": 0.0892479419708252
    }
  ],
  "test_set_performance": {
    "test_auroc": 0.9691584967320261,
    "test_auprc": 0.9695194771468568,
    "test_accuracy": 0.9142857142857143,
    "test_precision": 0.9,
    "test_recall": 0.9264705882352942,
    "test_f1": 0.9130434782608695,
    "test_brier": 0.07126129265193619,
    "test_sensitivity_at_90spec": 0.9264705882352942,
    "test_sensitivity_at_95spec": 0.7794117647058824,
    "test_true_positives": 63,
    "test_true_negatives": 65,
    "test_false_positives": 7,
    "test_false_negatives": 5,
    "test_specificity": 0.9027777777777778,
    "test_npv": 0.9285714285714286,
    "test_ppv": 0.9
  },
  "calibration": {
    "ece": 0.05280730937913852,
    "brier_score": 0.07126129265193619,
    "quality": "good"
  },
  "shap_feature_importance": {
    "shock_index_computed": 0.0706,
    "lactate_missing": 0.0683,
    "temperature_roll_mean": 0.0575,
    "lactate_roll_mean": 0.0539,
    "lactate": 0.0537,
    "temperature": 0.0498,
    "age_years": 0.0485,
    "sbp": 0.0482,
    "n_labs_missing": 0.0434,
    "gcs_roll_mean": 0.0411,
    "resp_rate_roll_mean": 0.0399,
    "news2_computed": 0.0398,
    "heart_rate_roll_mean": 0.0398,
    "sbp_roll_mean": 0.0388,
    "gcs": 0.038,
    "heart_rate": 0.0357,
    "resp_rate": 0.0286,
    "wbc": 0.0285,
    "wbc_roll_mean": 0.0282,
    "map": 0.0258
  },
  "clinical_performance": {
    "sensitivity": 0.9264705882352942,
    "specificity": 0.9027777777777778,
    "ppv": 0.9,
    "npv": 0.9285714285714286,
    "sensitivity_at_90_specificity": 0.9264705882352942,
    "sensitivity_at_95_specificity": 0.7794117647058824
  },
  "roc_curve": {
    "fpr": [
      0.0,
      0.0,
      0.0,
      0.0139,
      0.0139,
      0.0278,
      0.0278,
      0.0556,
      0.0556,
      0.0833,
      0.0833,
      0.1111,
      0.1111,
      0.1528,
      0.1528,
      0.2639,
      0.2639,
      0.2778,
      0.2778,
      0.4167,
      0.4167,
      1.0
    ],
    "tpr": [
      0.0,
      0.0147,
      0.6471,
      0.6471,
      0.6618,
      0.6618,
      0.7794,
      0.7794,
      0.8824,
      0.8824,
      0.9265,
      0.9265,
      0.9412,
      0.9412,
      0.9559,
      0.9559,
      0.9706,
      0.9706,
      0.9853,
      0.9853,
      1.0,
      1.0
    ]
  },
  "pr_curve": {
    "precision": [
      0.4857,
      0.4892,
      0.4928,
      0.4964,
      0.5,
      0.5037,
      0.5075,
      0.5113,
      0.5152,
      0.5191,
      0.5231,
      0.5271,
      0.5312,
      0.5354,
      0.5397,
      0.544,
      0.5484,
      0.5528,
      0.5574,
      0.562,
      0.5667,
      0.5714,
      0.5763,
      0.5812,
      0.5862,
      0.5913,
      0.5965,
      0.6018,
      0.6071,
      0.6126,
      0.6182,
      0.6239,
      0.6296,
      0.6355,
      0.6415,
      0.6476,
      0.6538,
      0.6602,
      0.6667,
      0.6733,
      0.68,
      0.6869,
      0.6939,
      0.6907,
      0.6979,
      0.7053,
      0.7128,
      0.7204,
      0.7283,
      0.7363,
      0.7444,
      0.7528,
      0.7614,
      0.7701,
      0.7674,
      0.7765,
      0.7738,
      0.7831,
      0.7927,
      0.8025,
      0.8125,
      0.8228,
      0.8333,
      0.8442,
      0.8553,
      0.8533,
      0.8649,
      0.8767,
      0.8889,
      0.8873,
      0.9,
      0.913,
      0.9118,
      0.9104,
      0.9091,
      0.9231,
      0.9375,
      0.9365,
      0.9355,
      0.9344,
      0.9333,
      0.9322,
      0.931,
      0.9298,
      0.9464,
      0.9636,
      0.963,
      0.9623,
      0.9615,
      0.9608,
      0.96,
      0.9592,
      0.9583,
      0.9574,
      0.9783,
      0.9778,
      1.0,
      1.0,
      1.0,
      1.0,
      1.0,
      1.0,
      1.0,
      1.0,
      1.0,
      1.0,
      1.0,
      1.0,
      1.0,
      1.0,
      1.0,
      1.0,
      1.0,
      1.0,
      1.0,
      1.0,
      1.0,
      1.0,
      1.0,
      1.0,
      1.0,
      1.0,
      1.0,
      1.0,
      1.0,
      1.0,
      1.0,
      1.0,
      1.0,
      1.0,
      1.0,
      1.0,
      1.0,
      1.0,
      1.0,
      1.0,
      1.0,
      1.0,
      1.0,
      1.0,
      1.0
    ],
    "recall": [
      1.0,
      1.0,
      1.0,
      1.0,
      1.0,
      1.0,
      1.0,
      1.0,
      1.0,
      1.0,
      1.0,
      1.0,
      1.0,
      1.0,
      1.0,
      1.0,
      1.0,
      1.0,
      1.0,
      1.0,
      1.0,
      1.0,
      1.0,
      1.0,
      1.0,
      1.0,
      1.0,
      1.0,
      1.0,
      1.0,
      1.0,
      1.0,
      1.0,
      1.0,
      1.0,
      1.0,
      1.0,
      1.0,
      1.0,
      1.0,
      1.0,
      1.0,
      1.0,
      0.9853,
      0.9853,
      0.9853,
      0.9853,
      0.9853,
      0.9853,
      0.9853,
      0.9853,
      0.9853,
      0.9853,
      0.9853,
      0.9706,
      0.9706,
      0.9559,
      0.9559,
      0.9559,
      0.9559,
      0.9559,
      0.9559,
      0.9559,
      0.9559,
      0.9559,
      0.9412,
      0.9412,
      0.9412,
      0.9412,
      0.9265,
      0.9265,
      0.9265,
      0.9118,
      0.8971,
      0.8824,
      0.8824,
      0.8824,
      0.8676,
      0.8529,
      0.8382,
      0.8235,
      0.8088,
      0.7941,
      0.7794,
      0.7794,
      0.7794,
      0.7647,
      0.75,
      0.7353,
      0.7206,
      0.7059,
      0.6912,
      0.6765,
      0.6618,
      0.6618,
      0.6471,
      0.6471,
      0.6324,
      0.6176,
      0.6029,
      0.5882,
      0.5735,
      0.5588,
      0.5441,
      0.5294,
      0.5147,
      0.5,
      0.4853,
      0.4706,
      0.4559,
      0.4412,
      0.4265,
      0.4118,
      0.3971,
      0.3824,
      0.3676,
      0.3529,
      0.3382,
      0.3235,
      0.3088,
      0.2941,
      0.2794,
      0.2647,
      0.25,
      0.2353,
      0.2206,
      0.2059,
      0.1912,
      0.1765,
      0.1618,
      0.1471,
      0.1324,
      0.1176,
      0.1029,
      0.0882,
      0.0735,
      0.0588,
      0.0441,
      0.0294,
      0.0147,
      0.0
    ]
  }
}