{
  "report_type": "Sepsis Model Evaluation Report",
  "generated_at": "2026-06-17T11:00:57.009843",
  "best_model": {
    "name": "GradientBoosting",
    "version": "1.0.0",
    "is_calibrated": true
  },
  "model_comparison": [
    {
      "name": "RandomForest",
      "val_auroc": 0.989729417276377,
      "val_auprc": 0.9741588940316659,
      "val_sensitivity": 0.8785254274927826,
      "val_specificity": 0.9912192393736018,
      "val_f1": 0.9182915506035283,
      "training_time_s": 98.80109095573425
    },
    {
      "name": "GradientBoosting",
      "val_auroc": 0.9912875135194484,
      "val_auprc": 0.9774101543988766,
      "val_sensitivity": 0.8982900288696425,
      "val_specificity": 0.9892058165548099,
      "val_f1": 0.9255233954925066,
      "training_time_s": 50.80204796791077
    },
    {
      "name": "LogisticRegression",
      "val_auroc": 0.9887610720369865,
      "val_auprc": 0.9715148583248854,
      "val_sensitivity": 0.8905174328225627,
      "val_specificity": 0.9852348993288591,
      "val_f1": 0.9137518514298736,
      "training_time_s": 1.2931649684906006
    }
  ],
  "test_set_performance": {
    "test_auroc": 0.9916437326660423,
    "test_auprc": 0.97830806077209,
    "test_accuracy": 0.9692513368983957,
    "test_precision": 0.9488953358625307,
    "test_recall": 0.9021854445151708,
    "test_f1": 0.9249510550358929,
    "test_brier": 0.023400269318883487,
    "test_sensitivity_at_90spec": 0.9775090176108636,
    "test_sensitivity_at_95spec": 0.9605346912794398,
    "test_true_positives": 4252,
    "test_true_negatives": 17498,
    "test_false_positives": 229,
    "test_false_negatives": 461,
    "test_specificity": 0.9870818525413212,
    "test_npv": 0.974330419288379,
    "test_ppv": 0.9488953358625307
  },
  "calibration": {
    "ece": 0.004956356011922425,
    "brier_score": 0.023400269318883487,
    "quality": "excellent"
  },
  "shap_feature_importance": {
    "temperature_roll_mean": 0.5457,
    "temperature": 0.4903,
    "age_years": 0.4146,
    "heart_rate_roll_mean": 0.398,
    "spo2_roll_mean": 0.3738,
    "heart_rate": 0.3715,
    "news2_computed": 0.3234,
    "resp_rate_roll_mean": 0.1874,
    "spo2": 0.1583,
    "spo2_roll_std": 0.1515,
    "has_copd": 0.1353,
    "temperature_roll_std": 0.1333,
    "resp_rate": 0.1328,
    "gcs_roll_std": 0.1156,
    "heart_rate_roll_std": 0.1138,
    "has_hypertension": 0.1064,
    "shock_index_computed": 0.1052,
    "has_heart_failure": 0.099,
    "sbp_roll_std": 0.0913,
    "map": 0.0886
  },
  "clinical_performance": {
    "sensitivity": 0.9021854445151708,
    "specificity": 0.9870818525413212,
    "ppv": 0.9488953358625307,
    "npv": 0.974330419288379,
    "sensitivity_at_90_specificity": 0.9775090176108636,
    "sensitivity_at_95_specificity": 0.9605346912794398
  },
  "roc_curve": {
    "fpr": [
      0.0,
      0.0,
      0.0,
      0.0,
      0.0002,
      0.0005,
      0.0008,
      0.0011,
      0.0014,
      0.0017,
      0.002,
      0.0025,
      0.0029,
      0.0033,
      0.0037,
      0.0043,
      0.0047,
      0.0051,
      0.0056,
      0.0063,
      0.0068,
      0.0073,
      0.0077,
      0.0082,
      0.0086,
      0.0092,
      0.0097,
      0.0101,
      0.0105,
      0.0109,
      0.0115,
      0.0126,
      0.0131,
      0.0137,
      0.0139,
      0.0144,
      0.0153,
      0.0158,
      0.0165,
      0.0174,
      0.0186,
      0.0197,
      0.0206,
      0.0217,
      0.0228,
      0.0241,
      0.0254,
      0.0268,
      0.0278,
      0.0284,
      0.0294,
      0.0305,
      0.0319,
      0.0342,
      0.036,
      0.0384,
      0.0395,
      0.042,
      0.0432,
      0.0449,
      0.0458,
      0.049,
      0.0505,
      0.0517,
      0.0556,
      0.0579,
      0.0609,
      0.0638,
      0.0653,
      0.0685,
      0.0743,
      0.0775,
      0.0817,
      0.0889,
      0.0919,
      0.1025,
      0.1143,
      0.1215,
      0.1249,
      0.1346,
      0.1422,
      0.1494,
      0.1539,
      0.1625,
      0.1712,
      0.1854,
      0.1909,
      0.2174,
      0.2416,
      0.2769,
      0.3108,
      0.3252,
      0.4367,
      0.5167,
      0.8024,
      0.8694,
      0.8893,
      0.9046,
      0.9175,
      0.9312,
      0.9413,
      0.9458,
      0.9535,
      0.9783,
      0.9972,
      1.0
    ],
    "tpr": [
      0.0,
      0.0469,
      0.0755,
      0.2406,
      0.5644,
      0.6677,
      0.7507,
      0.7723,
      0.7899,
      0.8037,
      0.8171,
      0.8209,
      0.8294,
      0.8345,
      0.8409,
      0.8468,
      0.8521,
      0.8542,
      0.8608,
      0.8638,
      0.8704,
      0.8735,
      0.8759,
      0.8797,
      0.8829,
      0.8844,
      0.8865,
      0.8899,
      0.8933,
      0.8948,
      0.8979,
      0.9007,
      0.9032,
      0.9056,
      0.9071,
      0.9088,
      0.9128,
      0.9143,
      0.9164,
      0.9189,
      0.9226,
      0.9251,
      0.9279,
      0.9291,
      0.9306,
      0.9338,
      0.9359,
      0.9383,
      0.9404,
      0.9423,
      0.9438,
      0.9455,
      0.9467,
      0.9489,
      0.9508,
      0.9523,
      0.9535,
      0.9548,
      0.9561,
      0.9576,
      0.9588,
      0.9599,
      0.9612,
      0.9627,
      0.9641,
      0.9652,
      0.9667,
      0.968,
      0.9692,
      0.9703,
      0.9716,
      0.9726,
      0.9743,
      0.9754,
      0.9767,
      0.9777,
      0.979,
      0.9803,
      0.9815,
      0.9826,
      0.9839,
      0.9849,
      0.9862,
      0.9873,
      0.9885,
      0.9896,
      0.9911,
      0.9921,
      0.9934,
      0.9945,
      0.9958,
      0.9968,
      0.9981,
      0.9992,
      1.0,
      1.0,
      1.0,
      1.0,
      1.0,
      1.0,
      1.0,
      1.0,
      1.0,
      1.0,
      1.0,
      1.0
    ]
  },
  "pr_curve": {
    "precision": [
      0.21,
      0.2122,
      0.2144,
      0.2166,
      0.2191,
      0.2216,
      0.224,
      0.2265,
      0.2291,
      0.2316,
      0.2342,
      0.2369,
      0.2396,
      0.2423,
      0.2451,
      0.248,
      0.251,
      0.254,
      0.2571,
      0.2603,
      0.2635,
      0.2668,
      0.2701,
      0.2736,
      0.2772,
      0.2809,
      0.2846,
      0.2885,
      0.2925,
      0.2966,
      0.3009,
      0.3052,
      0.3097,
      0.3143,
      0.319,
      0.3239,
      0.329,
      0.3342,
      0.3396,
      0.345,
      0.3507,
      0.3566,
      0.3627,
      0.3688,
      0.3753,
      0.382,
      0.389,
      0.3963,
      0.4039,
      0.4118,
      0.42,
      0.4285,
      0.4372,
      0.4464,
      0.4556,
      0.4654,
      0.4757,
      0.4866,
      0.4979,
      0.5096,
      0.5223,
      0.5351,
      0.5489,
      0.5635,
      0.5786,
      0.5941,
      0.6105,
      0.6279,
      0.6459,
      0.6653,
      0.6855,
      0.7082,
      0.7324,
      0.757,
      0.7833,
      0.8105,
      0.8384,
      0.8678,
      0.8974,
      0.9236,
      0.9469,
      0.9668,
      0.9823,
      0.9917,
      0.9958,
      0.9968,
      0.9972,
      0.998,
      0.9982,
      0.9988,
      0.9996,
      1.0,
      1.0,
      1.0,
      1.0,
      1.0,
      1.0,
      1.0,
      1.0,
      1.0,
      1.0
    ],