{
  "report_type": "Sepsis Model Evaluation Report",
  "generated_at": "2026-06-19T00:16:42.479300",
  "best_model": {
    "name": "GradientBoosting",
    "version": "1.0.0",
    "is_calibrated": true
  },
  "model_comparison": [
    {
      "name": "RandomForest",
      "val_auroc": 0.8809902472928244,
      "val_auprc": 0.7189178829232983,
      "val_sensitivity": 0.5500450856627592,
      "val_specificity": 0.943097669342895,
      "val_f1": 0.632920773734529,
      "training_time_s": 243.1520471572876
    },
    {
      "name": "GradientBoosting",
      "val_auroc": 0.8827149070623247,
      "val_auprc": 0.7224340007247914,
      "val_sensitivity": 0.562540255056035,
      "val_specificity": 0.9431756177410554,
      "val_f1": 0.6427730350309097,
      "training_time_s": 117.40778374671936
    },
    {
      "name": "LogisticRegression",
      "val_auroc": 0.8220692157878047,
      "val_auprc": 0.6090787319368548,
      "val_sensitivity": 0.28867705783846453,
      "val_specificity": 0.9655468080130953,
      "val_f1": 0.41164584864070536,
      "training_time_s": 2.3726119995117188
    }
  ],
  "test_set_performance": {
    "test_auroc": 0.8760697539843053,
    "test_auprc": 0.7116296460859777,
    "test_accuracy": 0.8593754624833506,
    "test_precision": 0.7379391494368801,
    "test_recall": 0.5790029016090741,
    "test_f1": 0.6488803488286158,
    "test_brier": 0.10362669024962018,
    "test_sensitivity_at_90spec": 0.7041677657610129,
    "test_sensitivity_at_95spec": 0.5308625692429438,
    "test_true_positives": 4390,
    "test_true_negatives": 24644,
    "test_false_positives": 1559,
    "test_false_negatives": 3192,
    "test_specificity": 0.9405029958401709,
    "test_npv": 0.8853283517746803,
    "test_ppv": 0.7379391494368801
  },
  "calibration": {
    "ece": 0.016610406243099576,
    "brier_score": 0.10362669024962018,
    "quality": "excellent"
  },
  "shap_feature_importance": {
    "procalcitonin_roll_mean": 0.3861,
    "age_years": 0.3217,
    "heart_rate_roll_mean": 0.075,
    "temperature_roll_mean": 0.056,
    "lactate_roll_mean": 0.0236,
    "obs_gap_min": 0.0219,
    "procalcitonin": 0.0206,
    "spo2_roll_mean": 0.016,
    "procalcitonin_delta": 0.0099,
    "gcs_roll_mean": 0.0099,
    "sbp_roll_mean": 0.009,
    "wbc_roll_mean": 0.0083,
    "news2_computed": 0.0074,
    "sbp_roll_std": 0.0072,
    "risk_level_numeric": 0.0052,
    "resp_rate_roll_mean": 0.004,
    "has_heart_failure": 0.0026,
    "has_copd": 0.002,
    "heart_rate_roll_std": 0.0017,
    "shock_index_computed": 0.0015
  },
  "clinical_performance": {
    "sensitivity": 0.5790029016090741,
    "specificity": 0.9405029958401709,
    "ppv": 0.7379391494368801,
    "npv": 0.8853283517746803,
    "sensitivity_at_90_specificity": 0.7041677657610129,
    "sensitivity_at_95_specificity": 0.5308625692429438
  },
  "roc_curve": {
    "fpr": [
      0.0,
      0.0014,
      0.003,
      0.0046,
      0.006,
      0.0079,
      0.0096,
      0.0112,
      0.0129,
      0.0145,
      0.0161,
      0.0181,
      0.0197,
      0.0216,
      0.0235,
      0.0254,
      0.0278,
      0.0296,
      0.0314,
      0.0333,
      0.0351,
      0.0369,
      0.0389,
      0.0407,
      0.043,
      0.045,
      0.0474,
      0.0495,
      0.0518,
      0.0542,
      0.0564,
      0.0585,
      0.0609,
      0.0628,
      0.0651,
      0.0674,
      0.0702,
      0.0727,
      0.0756,
      0.078,
      0.0807,
      0.0843,
      0.0867,
      0.09,
      0.0946,
      0.0977,
      0.1009,
      0.104,
      0.1074,
      0.1108,
      0.1149,
      0.118,
      0.1228,
      0.1274,
      0.1324,
      0.137,
      0.1422,
      0.1459,
      0.1522,
      0.157,
      0.1625,
      0.168,
      0.1742,
      0.1832,
      0.1908,
      0.1986,
      0.2077,
      0.2137,
      0.2225,
      0.2307,
      0.2397,
      0.2495,
      0.2611,
      0.2741,
      0.2893,
      0.2995,
      0.3189,
      0.3322,
      0.3472,
      0.3619,
      0.3803,
      0.3962,
      0.4155,
      0.4344,
      0.457,
      0.4835,
      0.5059,
      0.532,
      0.5541,
      0.5746,
      0.6001,
      0.6237,
      0.6588,
      0.7084,
      0.745,
      0.7832,
      0.8283,
      0.8677,
      0.9023,
      0.9384,
      0.9746
    ],
    "tpr": [
      0.0,
      0.0592,
      0.093,
      0.125,
      0.1547,
      0.1817,
      0.2058,
      0.2288,
      0.2466,
      0.2662,
      0.2829,
      0.2995,
      0.3176,
      0.3345,
      0.3463,
      0.3594,
      0.375,
      0.3891,
      0.4033,
      0.4181,
      0.4354,
      0.4496,
      0.4645,
      0.479,
      0.4906,
      0.504,
      0.5175,
      0.5285,
      0.5389,
      0.5513,
      0.5629,
      0.5749,
      0.5869,
      0.5979,
      0.608,
      0.6174,
      0.6271,
      0.6352,
      0.6432,
      0.6521,
      0.6596,
      0.6671,
      0.6771,
      0.6839,
      0.6916,
      0.6988,
      0.7056,
      0.7123,
      0.7179,
      0.7251,
      0.7325,
      0.7385,
      0.7451,
      0.7522,
      0.7582,
      0.7643,
      0.7705,
      0.778,
      0.7838,
      0.7899,
      0.795,
      0.8007,
      0.8068,
      0.8123,
      0.8173,
      0.8223,
      0.8275,
      0.8328,
      0.838,
      0.8434,
      0.849,
      0.8548,
      0.8598,
      0.8648,
      0.8698,
      0.8752,
      0.8804,
      0.8854,
      0.8901,
      0.895,
      0.8998,
      0.9053,
      0.9103,
      0.9151,
      0.9198,
      0.9246,
      0.9296,
      0.9348,
      0.9395,
      0.9443,
      0.9491,
      0.9537,
      0.9587,
      0.9636,
      0.9685,
      0.9731,
      0.9776,
      0.9823,
      0.9871,
      0.9918,
      0.9966
    ]
  },
  "pr_curve": {
    "precision": [
      0.2244,
      0.2264,
      0.2283,
      0.2301,
      0.2323,
      0.2342,
      0.2362,
      0.2384,
      0.2406,
      0.2427,
      0.245,
      0.2474,
      0.2499,
      0.2525,
      0.255,
      0.2576,
      0.2603,
      0.2631,
      0.2659,
      0.2687,
      0.2718,
      0.2747,
      0.2779,
      0.281,
      0.2842,
      0.2876,
      0.291,
      0.2948,
      0.2984,
      0.302,
      0.3057,
      0.3093,
      0.3132,
      0.3167,
      0.3208,
      0.325,
      0.329,
      0.3336,
      0.3377,
      0.3423,
      0.3471,
      0.352,
      0.357,
      0.3623,
      0.368,
      0.3736,
      0.3793,
      0.3852,
      0.3912,
      0.3975,
      0.4036,
      0.4102,
      0.4172,
      0.4244,
      0.432,
      0.439,
      0.4471,
      0.4555,
      0.464,
      0.4726,
      0.4819,
      0.4919,
      0.5015,
      0.5109,
      0.5207,
      0.5309,
      0.5416,
      0.5531,
      0.5652,
      0.578,
      0.5896,
      0.6015,
      0.6125,
      0.6249,
      0.6379,
      0.6505,
      0.6624,
      0.6752,
      0.6894,
      0.7003,
      0.7129,
      0.7244,
      0.7337,
      0.7421,
      0.7507,
      0.7599,
      0.7697,
      0.7774,
      0.7832,
      0.79,
      0.802,
      0.8162,
      0.8263,
      0.8424,
      0.8519,
      0.8632,
      0.8764,
      0.884,
      0.9037,
      0.9216,
      0.9048
    ],