{
  "report_type": "Sepsis Model Evaluation Report",
  "generated_at": "2026-06-18T11:15:15.345539",
  "best_model": {
    "name": "GradientBoosting",
    "version": "1.0.0",
    "is_calibrated": true
  },
  "model_comparison": [
    {
      "name": "RandomForest",
      "val_auroc": 0.9884949630226408,
      "val_auprc": 0.9746164416295713,
      "val_sensitivity": 0.8645450836393309,
      "val_specificity": 0.9923042100497963,
      "val_f1": 0.913755929279862,
      "training_time_s": 47.750885009765625
    },
    {
      "name": "GradientBoosting",
      "val_auroc": 0.9900659536235706,
      "val_auprc": 0.9768028255374588,
      "val_sensitivity": 0.8955528355773154,
      "val_specificity": 0.9897012222725216,
      "val_f1": 0.926746886214904,
      "training_time_s": 17.723042249679565
    },
    {
      "name": "LogisticRegression",
      "val_auroc": 0.9872979848211917,
      "val_auprc": 0.9707179460818212,
      "val_sensitivity": 0.8767849857201142,
      "val_specificity": 0.9874377546401086,
      "val_f1": 0.912332838038633,
      "training_time_s": 0.5876107215881348
    }
  ],
  "test_set_performance": {
    "test_auroc": 0.990488173967293,
    "test_auprc": 0.974941092682237,
    "test_accuracy": 0.9731081926203877,
    "test_precision": 0.9414483821263482,
    "test_recall": 0.9074257425742575,
    "test_f1": 0.9241240231913285,
    "test_brier": 0.020865949169694347,
    "test_sensitivity_at_90spec": 0.9757425742574257,
    "test_sensitivity_at_95spec": 0.9618811881188118,
    "test_true_positives": 1833,
    "test_true_negatives": 9059,
    "test_false_positives": 114,
    "test_false_negatives": 187,
    "test_specificity": 0.9875722228278644,
    "test_npv": 0.9797750378542073,
    "test_ppv": 0.9414483821263482
  },
  "calibration": {
    "ece": 0.0070920557929148136,
    "brier_score": 0.020865949169694347,
    "quality": "excellent"
  },
  "shap_feature_importance": {
    "temperature_roll_mean": 0.4666,
    "heart_rate_roll_mean": 0.136,
    "news2_computed": 0.1077,
    "temperature": 0.0698,
    "spo2_roll_mean": 0.0522,
    "heart_rate": 0.0413,
    "age_years": 0.0316,
    "resp_rate_roll_mean": 0.0183,
    "risk_level_numeric": 0.0165,
    "gcs_roll_std": 0.0105,
    "spo2_roll_std": 0.0081,
    "shock_index_computed": 0.0055,
    "temperature_roll_std": 0.0052,
    "gcs_roll_mean": 0.0048,
    "has_copd": 0.0044,
    "heart_rate_roll_std": 0.0031,
    "sirs_computed": 0.0026,
    "sbp_roll_mean": 0.0023,
    "resp_rate": 0.0017,
    "spo2": 0.0017
  },
  "clinical_performance": {
    "sensitivity": 0.9074257425742575,
    "specificity": 0.9875722228278644,
    "ppv": 0.9414483821263482,
    "npv": 0.9797750378542073,
    "sensitivity_at_90_specificity": 0.9757425742574257,
    "sensitivity_at_95_specificity": 0.9618811881188118
  },
  "roc_curve": {
    "fpr": [
      0.0,
      0.0,
      0.0002,
      0.0004,
      0.0007,
      0.0009,
      0.0011,
      0.0013,
      0.0015,
      0.0019,
      0.0021,
      0.0023,
      0.0026,
      0.0028,
      0.0032,
      0.0035,
      0.0037,
      0.0039,
      0.0041,
      0.0044,
      0.0046,
      0.0048,
      0.0051,
      0.0053,
      0.0061,
      0.0063,
      0.0066,
      0.007,
      0.0074,
      0.0082,
      0.0086,
      0.0088,
      0.0094,
      0.0098,
      0.0109,
      0.0112,
      0.0116,
      0.0121,
      0.0126,
      0.0133,
      0.014,
      0.0148,
      0.015,
      0.0156,
      0.0158,
      0.0162,
      0.017,
      0.0177,
      0.0184,
      0.0186,
      0.0199,
      0.0215,
      0.022,
      0.0228,
      0.023,
      0.0233,
      0.0239,
      0.0249,
      0.0254,
      0.0261,
      0.0265,
      0.0274,
      0.0298,
      0.0317,
      0.0324,
      0.0331,
      0.0336,
      0.0343,
      0.0353,
      0.0391,
      0.0394,
      0.0397,
      0.0404,
      0.0421,
      0.0437,
      0.0455,
      0.0458,
      0.0483,
      0.05,
      0.0515,
      0.0521,
      0.0557,
      0.0582,
      0.0588,
      0.0656,
      0.0749,
      0.0776,
      0.0822,
      0.0873,
      0.0926,
      0.0947,
      0.1021,
      0.1139,
      0.1211,
      0.1267,
      0.1464,
      0.1497,
      0.1598,
      0.1676,
      0.1774,
      0.1848,
      0.2084,
      0.2192,
      0.2249,
      0.2411,
      0.2513,
      0.2723,
      0.2759,
      0.2842,
      0.2925,
      0.3245,
      0.3752,
      0.4332,
      0.5483,
      0.868,
      0.9375,
      0.9648,
      0.9969
    ],
    "tpr": [
      0.0,
      0.3609,
      0.7441,
      0.7866,
      0.795,
      0.7975,
      0.803,
      0.8119,
      0.8173,
      0.8228,
      0.8347,
      0.8426,
      0.8515,
      0.853,
      0.855,
      0.8564,
      0.8614,
      0.8624,
      0.8649,
      0.8658,
      0.8683,
      0.8698,
      0.8713,
      0.8748,
      0.8767,
      0.8782,
      0.8797,
      0.8807,
      0.8822,
      0.8851,
      0.8886,
      0.8906,
      0.8946,
      0.898,
      0.8995,
      0.9015,
      0.9035,
      0.9045,
      0.9089,
      0.9104,
      0.9114,
      0.9129,
      0.9139,
      0.9158,
      0.9173,
      0.9183,
      0.9208,
      0.9228,
      0.9238,
      0.9252,
      0.9262,
      0.9277,
      0.9287,
      0.9307,
      0.9317,
      0.9337,
      0.9351,
      0.9371,
      0.9381,
      0.9406,
      0.9421,
      0.9431,
      0.9441,
      0.9455,
      0.9465,
      0.9475,
      0.949,
      0.95,
      0.951,
      0.952,
      0.9535,
      0.9545,
      0.9559,
      0.9569,
      0.9579,
      0.9589,
      0.9604,
      0.9614,
      0.9624,
      0.9634,
      0.9644,
      0.9653,
      0.9663,
      0.9678,
      0.9688,
      0.9698,
      0.9713,
      0.9723,
      0.9733,
      0.9743,
      0.9752,
      0.9762,
      0.9772,
      0.9782,
      0.9792,
      0.9802,
      0.9817,
      0.9827,
      0.9837,
      0.9847,
      0.9856,
      0.9866,
      0.9876,
      0.9886,
      0.9896,
      0.9906,
      0.9916,
      0.9926,
      0.9936,
      0.9946,
      0.9955,
      0.9965,
      0.9975,
      0.9985,
      0.9995,
      1.0,
      1.0,
      1.0
    ]
  },
  "pr_curve": {
    "precision": [
      0.1805,
      0.1823,
      0.1841,
      0.1861,
      0.188,
      0.19,
      0.1919,
      0.1939,
      0.196,
      0.1982,
      0.2004,
      0.2025,
      0.2048,
      0.2071,
      0.2095,
      0.2119,
      0.2144,
      0.217,
      0.2196,
      0.2223,
      0.225,
      0.2279,
      0.2308,
      0.2337,
      0.2367,
      0.2398,
      0.243,
      0.2463,
      0.2497,
      0.2531,
      0.2567,
      0.2604,
      0.2642,
      0.2681,
      0.2721,
      0.2762,
      0.2805,
      0.2849,
      0.2893,
      0.2938,
      0.2987,
      0.3036,
      0.3088,
      0.3142,
      0.3197,
      0.3254,
      0.3314,
      0.3374,
      0.3437,
      0.3502,
      0.3571,
      0.3643,
      0.3716,
      0.3793,
      0.3873,
      0.3957,
      0.4043,
      0.4136,
      0.4232,
      0.4327,
      0.4427,
      0.4534,
      0.4646,
      0.4764,
      0.4891,
      0.5018,
      0.5159,
      0.5309,
      0.5469,
      0.5632,
      0.5806,
      0.5986,
      0.6194,
      0.6404,
      0.6636,
      0.6887,
      0.7139,
      0.7417,
      0.773,
      0.8048,
      0.837,
      0.8689,
      0.9002,
      0.9336,
      0.9597,
      0.9846,
      0.9933,
      0.998,
      0.9986,
      0.9985,
      0.9983,
      0.9982,
      0.9979,
      0.9988,
      0.9987,
      1.0,
      1.0,
      1.0,
      1.0,
      1.0,
      1.0
    ],