{
  "report_type": "Sepsis Model Evaluation Report",
  "generated_at": "2026-06-19T00:09:15.518119",
  "best_model": {
    "name": "GradientBoosting",
    "version": "1.0.0",
    "is_calibrated": true
  },
  "model_comparison": [
    {
      "name": "RandomForest",
      "val_auroc": 0.8584855983950399,
      "val_auprc": 0.7230087960791216,
      "val_sensitivity": 0.5420177902621723,
      "val_specificity": 0.941753426860152,
      "val_f1": 0.6333424507658644,
      "training_time_s": 254.9588108062744
    },
    {
      "name": "GradientBoosting",
      "val_auroc": 0.8611412484630374,
      "val_auprc": 0.7274087273816319,
      "val_sensitivity": 0.5554775280898876,
      "val_specificity": 0.9412308558105881,
      "val_f1": 0.6434381778741866,
      "training_time_s": 116.85079073905945
    },
    {
      "name": "LogisticRegression",
      "val_auroc": 0.8059411339370226,
      "val_auprc": 0.6231019982486046,
      "val_sensitivity": 0.3055945692883895,
      "val_specificity": 0.9596012380914097,
      "val_f1": 0.4294407894736842,
      "training_time_s": 2.213251829147339
    }
  ],
  "test_set_performance": {
    "test_auroc": 0.8549909857389717,
    "test_auprc": 0.7189050869947242,
    "test_accuracy": 0.8494006215776232,
    "test_precision": 0.7544664031620554,
    "test_recall": 0.5744552786806308,
    "test_f1": 0.6522689994532531,
    "test_brier": 0.11407338907882625,
    "test_sensitivity_at_90spec": 0.6719634043577706,
    "test_sensitivity_at_95spec": 0.5190802937281811,
    "test_true_positives": 4772,
    "test_true_negatives": 23925,
    "test_false_positives": 1553,
    "test_false_negatives": 3535,
    "test_specificity": 0.9390454509773137,
    "test_npv": 0.8712672978878369,
    "test_ppv": 0.7544664031620554
  },
  "calibration": {
    "ece": 0.012746887318516878,
    "brier_score": 0.11407338907882625,
    "quality": "excellent"
  },
  "shap_feature_importance": {
    "procalcitonin_roll_mean": 0.3835,
    "age_years": 0.3206,
    "heart_rate_roll_mean": 0.0767,
    "temperature_roll_mean": 0.0553,
    "lactate_roll_mean": 0.0249,
    "obs_gap_min": 0.0216,
    "procalcitonin": 0.0179,
    "spo2_roll_mean": 0.0171,
    "procalcitonin_delta": 0.0119,
    "sbp_roll_mean": 0.0102,
    "sbp_roll_std": 0.01,
    "wbc_roll_mean": 0.0097,
    "gcs_roll_mean": 0.0096,
    "news2_computed": 0.0087,
    "resp_rate_roll_mean": 0.0041,
    "has_heart_failure": 0.003,
    "has_copd": 0.0022,
    "risk_level_numeric": 0.0021,
    "resp_rate_roll_std": 0.001,
    "shock_index_computed": 0.0009
  },
  "clinical_performance": {
    "sensitivity": 0.5744552786806308,
    "specificity": 0.9390454509773137,
    "ppv": 0.7544664031620554,
    "npv": 0.8712672978878369,
    "sensitivity_at_90_specificity": 0.6719634043577706,
    "sensitivity_at_95_specificity": 0.5190802937281811
  },
  "roc_curve": {
    "fpr": [
      0.0,
      0.0015,
      0.0031,
      0.0049,
      0.0066,
      0.0084,
      0.0104,
      0.0121,
      0.0142,
      0.016,
      0.018,
      0.0201,
      0.0221,
      0.0242,
      0.0264,
      0.0284,
      0.0303,
      0.0322,
      0.0344,
      0.0367,
      0.0391,
      0.0415,
      0.044,
      0.0467,
      0.0491,
      0.0516,
      0.054,
      0.0563,
      0.0584,
      0.061,
      0.0639,
      0.067,
      0.07,
      0.0735,
      0.0767,
      0.0797,
      0.0828,
      0.0869,
      0.0902,
      0.0945,
      0.0982,
      0.1024,
      0.1071,
      0.1109,
      0.1146,
      0.1194,
      0.1237,
      0.1294,
      0.135,
      0.1404,
      0.1463,
      0.1511,
      0.1589,
      0.165,
      0.171,
      0.1785,
      0.1838,
      0.1904,
      0.1966,
      0.2049,
      0.214,
      0.222,
      0.2319,
      0.2416,
      0.2503,
      0.2604,
      0.2728,
      0.2879,
      0.2999,
      0.3109,
      0.325,
      0.3376,
      0.3547,
      0.3697,
      0.3882,
      0.4035,
      0.4153,
      0.4346,
      0.454,
      0.4771,
      0.5009,
      0.5169,
      0.5394,
      0.5584,
      0.5797,
      0.6005,
      0.6217,
      0.6411,
      0.6658,
      0.6886,
      0.7079,
      0.7354,
      0.7625,
      0.7939,
      0.8201,
      0.8479,
      0.8718,
      0.9071,
      0.9369,
      0.9737,
      0.997
    ],
    "tpr": [
      0.0,
      0.0751,
      0.1176,
      0.1493,
      0.1723,
      0.2018,
      0.2269,
      0.2495,
      0.2703,
      0.2847,
      0.3028,
      0.3182,
      0.3368,
      0.3518,
      0.3667,
      0.3814,
      0.3968,
      0.4177,
      0.4343,
      0.45,
      0.4636,
      0.4774,
      0.4887,
      0.5026,
      0.5133,
      0.5269,
      0.5369,
      0.5483,
      0.5618,
      0.5745,
      0.5855,
      0.5955,
      0.6062,
      0.6151,
      0.6236,
      0.6331,
      0.641,
      0.6481,
      0.6552,
      0.6621,
      0.6686,
      0.6757,
      0.6823,
      0.6899,
      0.6969,
      0.7037,
      0.7117,
      0.7184,
      0.7251,
      0.7316,
      0.7385,
      0.7453,
      0.7512,
      0.7574,
      0.7633,
      0.7691,
      0.7745,
      0.7796,
      0.7852,
      0.7907,
      0.7963,
      0.8014,
      0.8065,
      0.8116,
      0.8174,
      0.8228,
      0.8282,
      0.833,
      0.8382,
      0.8435,
      0.8487,
      0.854,
      0.8593,
      0.8643,
      0.8695,
      0.8743,
      0.8796,
      0.8846,
      0.8901,
      0.8951,
      0.9002,
      0.9053,
      0.91,
      0.9149,
      0.9198,
      0.9248,
      0.9298,
      0.935,
      0.9405,
      0.9455,
      0.9508,
      0.9557,
      0.9605,
      0.9652,
      0.97,
      0.9751,
      0.9797,
      0.9847,
      0.9895,
      0.9945,
      0.9998
    ]
  },
  "pr_curve": {
    "precision": [
      0.2459,
      0.2477,
      0.2497,
      0.2515,
      0.2538,
      0.2561,
      0.2582,
      0.2604,
      0.2629,
      0.2652,
      0.2676,
      0.27,
      0.2725,
      0.2749,
      0.2774,
      0.2801,
      0.2828,
      0.2855,
      0.2884,
      0.2914,
      0.2942,
      0.2973,
      0.3005,
      0.3035,
      0.3066,
      0.3097,
      0.3128,
      0.316,
      0.3197,
      0.3233,
      0.3267,
      0.3303,
      0.3341,
      0.3381,
      0.342,
      0.3462,
      0.3505,
      0.3547,
      0.3593,
      0.3641,
      0.3685,
      0.3735,
      0.379,
      0.3842,
      0.39,
      0.3956,
      0.4014,
      0.4075,
      0.4132,
      0.4192,
      0.4261,
      0.4327,
      0.4395,
      0.4469,
      0.4544,
      0.4619,
      0.4699,
      0.4774,
      0.486,
      0.4954,
      0.5054,
      0.5143,
      0.5231,
      0.5331,
      0.5437,
      0.5544,
      0.5655,
      0.5756,
      0.5868,
      0.5984,
      0.6103,
      0.6223,
      0.6342,
      0.6473,
      0.6594,
      0.6713,
      0.6848,
      0.6988,
      0.7129,
      0.7259,
      0.7382,
      0.7494,
      0.7583,
      0.7661,
      0.7749,
      0.7855,
      0.7958,
      0.8044,
      0.8097,
      0.8168,
      0.8294,
      0.8379,
      0.8521,
      0.8681,
      0.8774,
      0.8919,
      0.9063,
      0.9222,
      0.9405,
      0.9618,
      0.9512
    ],