{
  "report_type": "Sepsis Model Evaluation Report",
  "generated_at": "2026-06-18T11:20:37.221147",
  "best_model": {
    "name": "GradientBoosting",
    "version": "1.0.0",
    "is_calibrated": true
  },
  "model_comparison": [
    {
      "name": "RandomForest",
      "val_auroc": 0.9910618082133644,
      "val_auprc": 0.9769330965572471,
      "val_sensitivity": 0.8749060291685461,
      "val_specificity": 0.9941713691713692,
      "val_f1": 0.9216757741347905,
      "training_time_s": 189.2881920337677
    },
    {
      "name": "GradientBoosting",
      "val_auroc": 0.991977408418545,
      "val_auprc": 0.9788795746407739,
      "val_sensitivity": 0.8930987821380244,
      "val_specificity": 0.9920552420552421,
      "val_f1": 0.9277625927372121,
      "training_time_s": 60.16922307014465
    },
    {
      "name": "LogisticRegression",
      "val_auroc": 0.9888428462515066,
      "val_auprc": 0.9713239224961102,
      "val_sensitivity": 0.876559915802135,
      "val_specificity": 0.988973863973864,
      "val_f1": 0.9125058694631397,
      "training_time_s": 2.732012987136841
    }
  ],
  "test_set_performance": {
    "test_auroc": 0.9913479474466588,
    "test_auprc": 0.9775084939167165,
    "test_accuracy": 0.9702000351968089,
    "test_precision": 0.9421536636013053,
    "test_recall": 0.9102894812267125,
    "test_f1": 0.9259475218658892,
    "test_brier": 0.023001636552044912,
    "test_sensitivity_at_90spec": 0.9762109486959014,
    "test_sensitivity_at_95spec": 0.9598738893665807,
    "test_true_positives": 6352,
    "test_true_negatives": 26726,
    "test_false_positives": 390,
    "test_false_negatives": 626,
    "test_specificity": 0.9856173476913999,
    "test_npv": 0.9771131909915179,
    "test_ppv": 0.9421536636013053
  },
  "calibration": {
    "ece": 0.006191204644712617,
    "brier_score": 0.023001636552044912,
    "quality": "excellent"
  },
  "shap_feature_importance": {
    "temperature_roll_mean": 0.4829,
    "heart_rate_roll_mean": 0.1377,
    "news2_computed": 0.1042,
    "temperature": 0.0555,
    "spo2_roll_mean": 0.0492,
    "heart_rate": 0.0422,
    "age_years": 0.0339,
    "resp_rate_roll_mean": 0.0194,
    "risk_level_numeric": 0.0171,
    "gcs_roll_std": 0.0124,
    "sirs_computed": 0.0105,
    "spo2_roll_std": 0.0048,
    "temperature_roll_std": 0.0047,
    "gcs_roll_mean": 0.0043,
    "shock_index_computed": 0.0035,
    "has_copd": 0.0032,
    "heart_rate_roll_std": 0.003,
    "sbp_roll_mean": 0.0021,
    "spo2": 0.0016,
    "resp_rate": 0.0015
  },
  "clinical_performance": {
    "sensitivity": 0.9102894812267125,
    "specificity": 0.9856173476913999,
    "ppv": 0.9421536636013053,
    "npv": 0.9771131909915179,
    "sensitivity_at_90_specificity": 0.9762109486959014,
    "sensitivity_at_95_specificity": 0.9598738893665807
  },
  "roc_curve": {
    "fpr": [
      0.0,
      0.0,
      0.0,
      0.0001,
      0.0004,
      0.0007,
      0.001,
      0.0014,
      0.0017,
      0.002,
      0.0023,
      0.0027,
      0.003,
      0.0034,
      0.0038,
      0.0041,
      0.0045,
      0.0049,
      0.0053,
      0.0056,
      0.0063,
      0.0067,
      0.0072,
      0.0078,
      0.0083,
      0.0087,
      0.0091,
      0.0096,
      0.0102,
      0.0107,
      0.0111,
      0.0117,
      0.0122,
      0.0129,
      0.0137,
      0.0142,
      0.0147,
      0.015,
      0.0155,
      0.0162,
      0.0169,
      0.0176,
      0.0186,
      0.0195,
      0.0201,
      0.0206,
      0.0216,
      0.0223,
      0.024,
      0.0249,
      0.0261,
      0.0268,
      0.0275,
      0.0287,
      0.0296,
      0.0308,
      0.0321,
      0.0332,
      0.0343,
      0.0361,
      0.0385,
      0.0398,
      0.0414,
      0.0428,
      0.0455,
      0.0476,
      0.0493,
      0.0509,
      0.0531,
      0.0561,
      0.0593,
      0.0623,
      0.0653,
      0.069,
      0.0725,
      0.0777,
      0.086,
      0.0911,
      0.0937,
      0.0964,
      0.1021,
      0.1054,
      0.1146,
      0.1241,
      0.1308,
      0.1379,
      0.1444,
      0.1542,
      0.1721,
      0.1816,
      0.1915,
      0.2105,
      0.2198,
      0.2421,
      0.2652,
      0.2858,
      0.301,
      0.3269,
      0.3664,
      0.4416,
      0.7738,
      0.9283,
      0.9918
    ],
    "tpr": [
      0.0,
      0.05,
      0.2279,
      0.495,
      0.6958,
      0.759,
      0.7868,
      0.8015,
      0.8117,
      0.8174,
      0.8226,
      0.8298,
      0.8372,
      0.8416,
      0.8478,
      0.8544,
      0.858,
      0.861,
      0.8626,
      0.8666,
      0.869,
      0.8723,
      0.8776,
      0.8802,
      0.8831,
      0.8879,
      0.8904,
      0.8929,
      0.8957,
      0.8978,
      0.9007,
      0.9023,
      0.9043,
      0.9071,
      0.9087,
      0.9099,
      0.912,
      0.9134,
      0.9157,
      0.9177,
      0.9195,
      0.9209,
      0.9225,
      0.924,
      0.9258,
      0.9273,
      0.9286,
      0.9301,
      0.9319,
      0.9332,
      0.9345,
      0.9365,
      0.9387,
      0.94,
      0.942,
      0.9437,
      0.945,
      0.9461,
      0.9477,
      0.9494,
      0.951,
      0.9521,
      0.9537,
      0.9551,
      0.9566,
      0.9579,
      0.9592,
      0.9609,
      0.9622,
      0.9635,
      0.9647,
      0.9659,
      0.9672,
      0.9683,
      0.9695,
      0.9708,
      0.9719,
      0.9731,
      0.9742,
      0.9754,
      0.9765,
      0.9778,
      0.9789,
      0.9801,
      0.9812,
      0.9824,
      0.9835,
      0.9847,
      0.986,
      0.9871,
      0.9884,
      0.9895,
      0.9907,
      0.9918,
      0.993,
      0.9941,
      0.9953,
      0.9964,
      0.9976,
      0.9987,
      0.9999,
      1.0,
      1.0
    ]
  },
  "pr_curve": {
    "precision": [
      0.2047,
      0.2068,
      0.2089,
      0.211,
      0.2132,
      0.2155,
      0.2178,
      0.2201,
      0.2225,
      0.225,
      0.2275,
      0.23,
      0.2326,
      0.2353,
      0.238,
      0.2408,
      0.2437,
      0.2466,
      0.2496,
      0.2526,
      0.2558,
      0.259,
      0.2623,
      0.2657,
      0.2692,
      0.2728,
      0.2765,
      0.2802,
      0.2841,
      0.2881,
      0.2922,
      0.2964,
      0.3007,
      0.3052,
      0.3098,
      0.3145,
      0.3194,
      0.3245,
      0.3297,
      0.3351,
      0.3404,
      0.3461,
      0.3521,
      0.3582,
      0.3646,
      0.3712,
      0.3778,
      0.3849,
      0.3923,
      0.3999,
      0.4078,
      0.4158,
      0.4243,
      0.4332,
      0.4423,
      0.4519,
      0.4618,
      0.4721,
      0.4828,
      0.4942,
      0.5063,
      0.5189,
      0.5321,
      0.5458,
      0.5603,
      0.5758,
      0.5915,
      0.6087,
      0.6269,
      0.6459,
      0.6659,
      0.6875,
      0.7103,
      0.7336,
      0.7602,
      0.7876,
      0.8162,
      0.8452,
      0.8754,
      0.9035,
      0.9332,
      0.9571,
      0.9753,
      0.9877,
      0.9949,
      0.9967,
      0.9979,
      0.9982,
      0.9988,
      0.9987,
      0.9988,
      0.9997,
      1.0,
      1.0,
      1.0,
      1.0,
      1.0,
      1.0,
      1.0,
      1.0,
      1.0
    ],