{
  "report_type": "Sepsis Model Evaluation Report",
  "generated_at": "2026-06-20T02:11:47.928519",
  "best_model": {
    "name": "GradientBoosting",
    "version": "1.0.0",
    "is_calibrated": true
  },
  "model_comparison": [
    {
      "name": "RandomForest",
      "val_auroc": 0.9162506248479713,
      "val_auprc": 0.749639184147864,
      "val_sensitivity": 0.5805135589152868,
      "val_specificity": 0.9599455782312926,
      "val_f1": 0.6607484293908769,
      "training_time_s": 288.1903831958771
    },
    {
      "name": "GradientBoosting",
      "val_auroc": 0.9175582557477034,
      "val_auprc": 0.7502600631680651,
      "val_sensitivity": 0.6048716102711783,
      "val_specificity": 0.9568979591836735,
      "val_f1": 0.6739755331238719,
      "training_time_s": 155.56077122688293
    },
    {
      "name": "LogisticRegression",
      "val_auroc": 0.8515567277066814,
      "val_auprc": 0.6105596927735334,
      "val_sensitivity": 0.32433405327573794,
      "val_specificity": 0.9712380952380952,
      "val_f1": 0.4469985116586737,
      "training_time_s": 2.7307941913604736
    }
  ],
  "test_set_performance": {
    "test_auroc": 0.9158320423932006,
    "test_auprc": 0.7543601124733659,
    "test_accuracy": 0.8887108618732893,
    "test_precision": 0.7698793429277512,
    "test_recall": 0.6077576313977507,
    "test_f1": 0.6792791637273136,
    "test_brier": 0.08189787328323067,
    "test_sensitivity_at_90spec": 0.7849437686481524,
    "test_sensitivity_at_95spec": 0.6502180399357356,
    "test_true_positives": 5296,
    "test_true_negatives": 34640,
    "test_false_positives": 1583,
    "test_false_negatives": 3418,
    "test_specificity": 0.9562984843883721,
    "test_npv": 0.9101897104419571,
    "test_ppv": 0.7698793429277512
  },
  "calibration": {
    "ece": 0.01737250595184103,
    "brier_score": 0.08189787328323067,
    "quality": "excellent"
  },
  "shap_feature_importance": {
    "procalcitonin_roll_mean": 0.3927,
    "age_years": 0.3175,
    "heart_rate_roll_mean": 0.0762,
    "temperature_roll_mean": 0.0467,
    "lactate_roll_mean": 0.0301,
    "obs_gap_min": 0.0216,
    "spo2_roll_mean": 0.0186,
    "procalcitonin": 0.0177,
    "gcs_roll_mean": 0.0119,
    "wbc_roll_mean": 0.0104,
    "sbp_roll_mean": 0.0086,
    "procalcitonin_delta": 0.0082,
    "has_heart_failure": 0.0065,
    "news2_computed": 0.0062,
    "sbp_roll_std": 0.006,
    "risk_level_numeric": 0.004,
    "spo2_roll_std": 0.0036,
    "resp_rate_roll_mean": 0.0026,
    "has_copd": 0.0017,
    "has_ckd": 0.0016
  },
  "clinical_performance": {
    "sensitivity": 0.6077576313977507,
    "specificity": 0.9562984843883721,
    "ppv": 0.7698793429277512,
    "npv": 0.9101897104419571,
    "sensitivity_at_90_specificity": 0.7849437686481524,
    "sensitivity_at_95_specificity": 0.6502180399357356
  },
  "roc_curve": {
    "fpr": [
      0.0,
      0.0011,
      0.0022,
      0.0034,
      0.0046,
      0.0058,
      0.0071,
      0.0083,
      0.0097,
      0.0109,
      0.0121,
      0.0132,
      0.0145,
      0.0157,
      0.0171,
      0.0184,
      0.0198,
      0.021,
      0.0222,
      0.0235,
      0.0249,
      0.0268,
      0.0284,
      0.0301,
      0.0317,
      0.0333,
      0.0349,
      0.0366,
      0.0382,
      0.0394,
      0.041,
      0.043,
      0.0444,
      0.0461,
      0.0476,
      0.0491,
      0.0509,
      0.053,
      0.0549,
      0.057,
      0.0594,
      0.0618,
      0.0642,
      0.0671,
      0.0696,
      0.0717,
      0.0745,
      0.0771,
      0.0804,
      0.0838,
      0.0864,
      0.0895,
      0.092,
      0.0946,
      0.0981,
      0.1016,
      0.1046,
      0.1078,
      0.1116,
      0.1146,
      0.1189,
      0.1225,
      0.127,
      0.1302,
      0.1353,
      0.1408,
      0.1462,
      0.1522,
      0.1575,
      0.1637,
      0.1693,
      0.1747,
      0.1813,
      0.1896,
      0.1979,
      0.2066,
      0.2161,
      0.2281,
      0.2402,
      0.2489,
      0.2621,
      0.2733,
      0.2885,
      0.3058,
      0.32,
      0.3412,
      0.366,
      0.3888,
      0.4218,
      0.4612,
      0.5,
      0.5347,
      0.5701,
      0.5977,
      0.6387,
      0.6708,
      0.7099,
      0.755,
      0.7982,
      0.8736,
      0.973
    ],
    "tpr": [
      0.0,
      0.0737,
      0.114,
      0.1475,
      0.174,
      0.1973,
      0.2196,
      0.2342,
      0.2566,
      0.2798,
      0.3001,
      0.3148,
      0.3333,
      0.3512,
      0.3689,
      0.3864,
      0.4042,
      0.4202,
      0.4361,
      0.4533,
      0.465,
      0.4799,
      0.4948,
      0.5068,
      0.5181,
      0.5277,
      0.539,
      0.5507,
      0.5622,
      0.5779,
      0.5901,
      0.6021,
      0.6129,
      0.6257,
      0.6373,
      0.6463,
      0.6541,
      0.6639,
      0.6713,
      0.6794,
      0.6881,
      0.6968,
      0.7032,
      0.7116,
      0.7176,
      0.7245,
      0.7314,
      0.7373,
      0.745,
      0.7519,
      0.7571,
      0.7635,
      0.7692,
      0.7761,
      0.7822,
      0.7877,
      0.793,
      0.7984,
      0.8039,
      0.8104,
      0.8156,
      0.821,
      0.8266,
      0.8321,
      0.8381,
      0.8435,
      0.8485,
      0.8536,
      0.8583,
      0.8629,
      0.8675,
      0.8728,
      0.8786,
      0.8832,
      0.8882,
      0.893,
      0.8979,
      0.9022,
      0.9069,
      0.9119,
      0.9162,
      0.9207,
      0.9256,
      0.9303,
      0.9349,
      0.9395,
      0.9439,
      0.9482,
      0.9525,
      0.9571,
      0.9614,
      0.9657,
      0.97,
      0.9745,
      0.9783,
      0.982,
      0.985,
      0.9878,
      0.9916,
      0.9951,
      0.9992
    ]
  },
  "pr_curve": {
    "precision": [
      0.1939,
      0.1958,
      0.1977,
      0.1997,
      0.2016,
      0.2036,
      0.2057,
      0.2079,
      0.21,
      0.2122,
      0.2144,
      0.2168,
      0.2191,
      0.2214,
      0.2239,
      0.2264,
      0.229,
      0.2314,
      0.2338,
      0.2366,
      0.2394,
      0.2423,
      0.2452,
      0.2481,
      0.2512,
      0.2543,
      0.2576,
      0.2609,
      0.2642,
      0.2675,
      0.2709,
      0.2745,
      0.2782,
      0.2821,
      0.2859,
      0.2896,
      0.2935,
      0.2979,
      0.3022,
      0.3066,
      0.3112,
      0.316,
      0.321,
      0.3264,
      0.3317,
      0.337,
      0.3426,
      0.3488,
      0.3547,
      0.361,
      0.3676,
      0.3745,
      0.3813,
      0.3885,
      0.396,
      0.4035,
      0.4118,
      0.4197,
      0.4282,
      0.437,
      0.4462,
      0.4553,
      0.4653,
      0.475,
      0.4854,
      0.497,
      0.5083,
      0.5201,
      0.5328,
      0.545,
      0.5568,
      0.5708,
      0.5848,
      0.5991,
      0.6126,
      0.6274,
      0.6414,
      0.6568,
      0.6709,
      0.687,
      0.7032,
      0.7197,
      0.7359,
      0.7512,
      0.7637,
      0.7709,
      0.7791,
      0.7895,
      0.8037,
      0.8165,
      0.8254,
      0.8332,
      0.8414,
      0.8514,
      0.8624,
      0.872,
      0.8932,
      0.9115,
      0.9273,
      0.9413,
      0.95
    ],