{
  "report_type": "Sepsis Model Evaluation Report",
  "generated_at": "2026-06-16T18:27:01.258406",
  "best_model": {
    "name": "GradientBoosting",
    "version": "1.0.0",
    "is_calibrated": true
  },
  "model_comparison": [
    {
      "name": "RandomForest",
      "val_auroc": 0.9683256882617198,
      "val_auprc": 0.920615719762244,
      "val_sensitivity": 0.7671274961597542,
      "val_specificity": 0.9938161618279007,
      "val_f1": 0.8507666098807496,
      "training_time_s": 108.04943990707397
    },
    {
      "name": "GradientBoosting",
      "val_auroc": 0.9729785962144779,
      "val_auprc": 0.9291039012107827,
      "val_sensitivity": 0.7923195084485407,
      "val_specificity": 0.9918247563148517,
      "val_f1": 0.86110183639399,
      "training_time_s": 54.39945721626282
    },
    {
      "name": "LogisticRegression",
      "val_auroc": 0.9666805770423096,
      "val_auprc": 0.9091020276006453,
      "val_sensitivity": 0.7794162826420891,
      "val_specificity": 0.9870558641651819,
      "val_f1": 0.8402053320086107,
      "training_time_s": 1.075516939163208
    }
  ],
  "test_set_performance": {
    "test_auroc": 0.9739809612348493,
    "test_auprc": 0.9274093551114018,
    "test_accuracy": 0.9663666300768387,
    "test_precision": 0.922384701912261,
    "test_recall": 0.8148393507784034,
    "test_f1": 0.8652831516004221,
    "test_brier": 0.026910614353107255,
    "test_sensitivity_at_90spec": 0.9267969526333223,
    "test_sensitivity_at_95spec": 0.8979794633984763,
    "test_true_positives": 2460,
    "test_true_negatives": 19549,
    "test_false_positives": 207,
    "test_false_negatives": 559,
    "test_specificity": 0.9895221704798542,
    "test_npv": 0.9722001193554805,
    "test_ppv": 0.922384701912261
  },
  "calibration": {
    "ece": 0.003993657345404607,
    "brier_score": 0.026910614353107255,
    "quality": "excellent"
  },
  "shap_feature_importance": {
    "news2_computed": 0.4346,
    "temperature_roll_mean": 0.1108,
    "sirs_computed": 0.1034,
    "resp_rate_roll_mean": 0.0576,
    "heart_rate_roll_mean": 0.0496,
    "map": 0.0483,
    "temperature": 0.0452,
    "gcs_roll_std": 0.0393,
    "dbp": 0.0186,
    "spo2_roll_mean": 0.0184,
    "gcs_roll_mean": 0.0139,
    "shock_index_computed": 0.0114,
    "heart_rate": 0.0106,
    "age_years": 0.0076,
    "temperature_roll_std": 0.007,
    "spo2_roll_std": 0.0057,
    "has_copd": 0.0051,
    "has_hypertension": 0.0022,
    "sbp_roll_mean": 0.002,
    "spo2": 0.0014
  },
  "clinical_performance": {
    "sensitivity": 0.8148393507784034,
    "specificity": 0.9895221704798542,
    "ppv": 0.922384701912261,
    "npv": 0.9722001193554805,
    "sensitivity_at_90_specificity": 0.9267969526333223,
    "sensitivity_at_95_specificity": 0.8979794633984763
  },
  "roc_curve": {
    "fpr": [
      0.0,
      0.0002,
      0.0005,
      0.0008,
      0.0011,
      0.0017,
      0.0021,
      0.0025,
      0.0028,
      0.0032,
      0.0037,
      0.0041,
      0.0045,
      0.0049,
      0.0052,
      0.0057,
      0.0061,
      0.0068,
      0.0072,
      0.0079,
      0.0086,
      0.0091,
      0.0099,
      0.0109,
      0.0119,
      0.0124,
      0.0131,
      0.014,
      0.0153,
      0.0162,
      0.0172,
      0.0183,
      0.0197,
      0.0205,
      0.0215,
      0.0223,
      0.0228,
      0.0245,
      0.0254,
      0.027,
      0.0283,
      0.0293,
      0.031,
      0.0323,
      0.0339,
      0.0353,
      0.0384,
      0.0393,
      0.0403,
      0.0417,
      0.0437,
      0.0447,
      0.048,
      0.0495,
      0.0512,
      0.0541,
      0.0581,
      0.0639,
      0.0664,
      0.0685,
      0.0705,
      0.0749,
      0.078,
      0.0834,
      0.0892,
      0.0927,
      0.095,
      0.0993,
      0.1056,
      0.1089,
      0.1169,
      0.1221,
      0.1274,
      0.1296,
      0.131,
      0.1409,
      0.1459,
      0.1542,
      0.1661,
      0.1713,
      0.1782,
      0.1913,
      0.1981,
      0.2083,
      0.219,
      0.2283,
      0.2404,
      0.253,
      0.2664,
      0.2838,
      0.3076,
      0.3301,
      0.3478,
      0.3816,
      0.3947,
      0.4047,
      0.4271,
      0.4598,
      0.4895,
      0.5265,
      0.599,
      0.6362,
      0.7104,
      0.9481
    ],
    "tpr": [
      0.0,
      0.5667,
      0.6244,
      0.6833,
      0.7035,
      0.7178,
      0.7347,
      0.744,
      0.7476,
      0.7565,
      0.7612,
      0.7661,
      0.7728,
      0.7764,
      0.783,
      0.7877,
      0.7917,
      0.7953,
      0.7999,
      0.8023,
      0.8072,
      0.8095,
      0.8135,
      0.8162,
      0.8191,
      0.8231,
      0.8278,
      0.8321,
      0.8344,
      0.839,
      0.8413,
      0.8443,
      0.847,
      0.8503,
      0.8523,
      0.8546,
      0.8566,
      0.8592,
      0.8619,
      0.8639,
      0.8662,
      0.8688,
      0.8721,
      0.8758,
      0.8778,
      0.8801,
      0.8824,
      0.8847,
      0.887,
      0.889,
      0.891,
      0.8933,
      0.8953,
      0.8976,
      0.8996,
      0.9023,
      0.9043,
      0.9063,
      0.9082,
      0.9106,
      0.9129,
      0.9149,
      0.9169,
      0.9188,
      0.9208,
      0.9228,
      0.9248,
      0.9268,
      0.9288,
      0.9311,
      0.9331,
      0.9351,
      0.9374,
      0.9394,
      0.9414,
      0.9437,
      0.9457,
      0.9477,
      0.9497,
      0.9516,
      0.954,
      0.9559,
      0.9579,
      0.9599,
      0.9619,
      0.9639,
      0.9659,
      0.9679,
      0.9699,
      0.9718,
      0.9738,
      0.9758,
      0.9778,
      0.9798,
      0.9818,
      0.9838,
      0.9858,
      0.9877,
      0.9897,
      0.9917,
      0.9937,
      0.9957,
      0.9977,
      0.9997
    ]
  },
  "pr_curve": {
    "precision": [
      0.1326,
      0.1339,
      0.1353,
      0.1366,
      0.138,
      0.1394,
      0.1409,
      0.1424,
      0.1439,
      0.1455,
      0.1471,
      0.1488,
      0.1505,
      0.1522,
      0.154,
      0.1558,
      0.1576,
      0.1595,
      0.1614,
      0.1634,
      0.1655,
      0.1675,
      0.1696,
      0.1717,
      0.1739,
      0.1761,
      0.1784,
      0.1808,
      0.1831,
      0.1857,
      0.1883,
      0.1911,
      0.1937,
      0.1965,
      0.1992,
      0.2022,
      0.2052,
      0.2084,
      0.2117,
      0.2152,
      0.2188,
      0.2223,
      0.226,
      0.2298,
      0.2337,
      0.2378,
      0.2419,
      0.2463,
      0.2508,
      0.2555,
      0.2605,
      0.2655,
      0.2707,
      0.2758,
      0.2813,
      0.2873,
      0.2937,
      0.3001,
      0.3068,
      0.3138,
      0.3214,
      0.3291,
      0.3373,
      0.346,
      0.355,
      0.3645,
      0.3744,
      0.3853,
      0.3964,
      0.4078,
      0.4203,
      0.4333,
      0.4478,
      0.4624,
      0.4787,
      0.4965,
      0.5153,
      0.534,
      0.5549,
      0.5785,
      0.6035,
      0.6313,
      0.6626,
      0.6945,
      0.7316,
      0.7698,
      0.8094,
      0.8533,
      0.8978,
      0.9409,
      0.9731,
      0.9901,
      0.9947,
      0.9982,
      1.0,
      1.0,
      1.0,
      1.0,
      1.0,
      1.0,
      1.0
    ],